[{
    "number": "1",
    "result": "https://raw.githubusercontent.com/fgmods/fg-team/main/games/dados/1.webp"
},
{
    "number": "2",
    "result": "https://raw.githubusercontent.com/fgmods/fg-team/main/games/dados/2.webp"
},
{
    "number": "3",
    "result": "https://raw.githubusercontent.com/fgmods/fg-team/main/games/dados/3.webp"
},
{
    "number": "4",
    "result": "https://raw.githubusercontent.com/fgmods/fg-team/main/games/dados/4.webp"
},
{
    "number": "5",
    "result": "https://raw.githubusercontent.com/fgmods/fg-team/main/games/dados/5.webp"
},
{
    "number": "6",
    "result": "https://raw.githubusercontent.com/fgmods/fg-team/main/games/dados/6.webp"
}]
