[

{
    "index": 0,
    "autor": "FG98",
    "mtiva": "El universo no conspira contra ti, pero tampoco se desvia para alinear tu camino."
  },
  {
    "index": 1,
    "autor": "Roy T. Bennett",
    "mtiva": "Cuando haces lo correcto, obtienes la sensación de paz y serenidad. Hazlo una y otra vez"
  },
  {
    "index": 2,
    "autor": "Eleanor Roosevelt",
    "mtiva": "Debes hacer las cosas que crees que no puedes hacer."
  },
  {
    "index": 3,
    "autor": "Walt Disney",
    "mtiva": "Si puedes soñarlo puedes hacerlo, recuerda que todo esto comenzó con un ratón."
  },
  {
    "index": 4,
    "autor": "Dalai Lama",
    "mtiva": "Si dominamos nuestra mente, vendrá la felicidad."
  },
  {
    "index": 5,
    "autor": "Proverbio japonés",
    "mtiva": "Cáete siete veces y levántate ocho."
  },
  {
    "index": 6,
    "autor": "Pablo Picasso",
    "mtiva": "odo lo que puedas imaginar, es real."
  },
  {
    "index": 7,
    "autor": "Aristóteles",
    "mtiva": "La esperanza es el sueño del hombre despierto"
  },
  {
    "index": 8,
    "autor": "Antoine de Saint-Exupéry",
    "mtiva": "Un objetivo sin un plan es solo un deseo"
  },
  {
    "index": 9,
    "autor": "Jim Rohn",
    "mtiva": "Si no te gustan las cosas, ¡cámbialas! No eres un árbol."
  },
  {
    "index": 10,
    "autor": "Nikos Kazantzakis",
    "mtiva": "Para tener éxito, primero debemos creer que podemos hacerlo"
  },
  {
    "index": 11,
    "autor": "Malcolm Forbes",
    "mtiva": "El fracaso es éxito si aprendemos de él."
  },
  {
    "index": 12,
    "autor": "John Muir",
    "mtiva": "El poder de la imaginación nos hace infinitos"
  },
  {
    "index": 13,
    "autor": "Julia Child",
    "mtiva": "Encuentra algo que te apasione y mantente tremendamente interesado en ello."
  }
] 
