[

  {
    "index": 0,
    "img": "https://www.cademedia.com/wp-content/uploads/2020/12/tebak-gambar-level-1-nomor-1.jpg",
    "response": "PIEDRA PAEL TIJERA",
    "description": "Se jugas con las manos hacinedo signos"
  },
  {
    "index": 1,
    "img": "https://www.cademedia.com/wp-content/uploads/2020/12/tebak-gambar-level-1-nomor-2.jpg",
    "response": "ENERGIA ELECTRICA",
    "description": "Imagen de la letra TE, dragón y voltaje (rayo)."
  },
  {
    "index": 2,
    "img": "https://www.cademedia.com/wp-content/uploads/2020/12/tebak-gambar-level-1-nomor-3.jpg",
    "response": "FUNDA DE ALMOHADA",
    "description": "Imagen de funda y almohada."
  },
  {
    "index": 3,
    "img": "https://www.cademedia.com/wp-content/uploads/2020/12/tebak-gambar-level-1-nomor-10.jpg",
    "response": "CAMARONES HERVIDOS",
    "description": "Imagen de camarones, letra RE y vehículo bus."
  },
  {
    "index": 4,
    "img": "https://www.cademedia.com/wp-content/uploads/2020/12/tebak-gambar-level-1-nomor-11.jpg",
    "response": "TOPO",
    "description": "Imagen de tofu (la letra U reemplazó a la I) y moscas."
  }

] 
  