[

{
    "index": 0,
    "autor": "FG98",
    "fgwork": "Trabajas como cortador de galletas y ganas"
  },
  {
    "index": 1,
    "autor": "FG98",
    "fgwork": "Trabaja para una empresa militar privada, ganando"
  }, 
  {
    "index": 2,
    "autor": "FG98",
    "fgwork": "Organiza un evento de cata de vinos y obtiene"
  }, 
  {
  "index": 3,
    "autor": "FG98",
    "fgwork": "Te secuestran y te llevan a un coliseo subterráneo donde luchaste contra monstruos con personas que nunca antes habías conocido. Ganas"
  }, 
  {
  "index": 4,
    "autor": "FG98",
    "fgwork": "Limpias la chimenea y encuentras"
  }, 
  {
  "index": 5,
    "autor": "FG98",
    "fgwork": "Desarrollas juegos para ganarte la vida y ganas"
  }, 
  {
  "index": 6,
    "autor": "FG98",
    "fgwork": "¿Por qué este comando se llama trabajo? Ni siquiera estás haciendo nada relacionado con el trabajo. Sin embargo, ganas"
  }, 
  {
  "index": 7,
    "autor": "FG98",
    "fgwork": "Trabajaste en la oficina horas extras por"
  }, 
  {
  "index": 8,
    "autor": "FG98",
    "fgwork": "Trabajas como secuestrador de novias y ganas"
  }, 
  {
  "index": 9,
    "autor": "FG98",
    "fgwork": "Alguien vino y representó una obra de teatro. Por mirar te dieron"
  }, 
 {
 "index": 10,
    "autor": "FG98",
    "fgwork": "Compraste y vendiste artículos y Ganaste"
  }, 
  {
  "index": 11,
    "autor": "FG98",
    "fgwork": "Trabajas en el restaurante de la abuela como cocinera y ganas"
  }, 
  {
  "index": 12,
    "autor": "FG98",
    "fgwork": "Trabajas 10 minutos en un Pizza Hut local. Ganaste"
  }, 
  {
  "index": 13,
    "autor": "FG98",
    "fgwork": "Trabajas como escritor(a) de galletas de la fortuna y ganas"
  }, 
  {
  "index": 14,
    "autor": "FG98",
    "fgwork": "Revisas tu bolso y decides vender algunos artículos inútiles que no necesitas. Resulta que toda esa basura valía"
  }, 
  {
  "index": 15,
    "autor": "FG98",
    "fgwork": "Ves a alguien luchando por subir una caja a su auto, te apresuras a ayudarlo antes de que se lastime. Después de ayudarlos, amablemente te dan"
  }, 
  {
  "index": 16, 
    "autor": "FG98",
    "fgwork": "Desarrollas juegos para ganarte la vida y ganas"
  }, 
  {
  "index": 17,
    "autor": "FG98",
    "fgwork": "Trabajas todo el día en la empresa por"
  }, 
  {
  "index": 18, 
    "autor": "FG98",
    "fgwork": "Ayudas a moderar el grupo de DyLux por"
  }, 
  {
  "index": 19, 
    "autor": "FG98",
    "fgwork": "Diseñaste un logo para *FG* por"
  }, 
  {
  "index": 20,
    "autor": "FG98",
    "fgwork": "Moderaste el grupo cuando *FG* no estaba, el pago fue"
  }, 
  {
  "index": 21,
    "autor": "FG98",
    "fgwork": "¡Trabajó lo mejor que pudo en una imprenta que estaba contratando y ganó su bien merecido!"
  }, 
  {
  "index": 22,
    "autor": "FG98",
    "fgwork": "Trabajas como podador de arbustos para *FG98* y ganas"
  }, 
  {
  "index": 23,
    "autor": "FG98",
    "fgwork": "La demanda de juegos para dispositivos móviles ha aumentado, por lo que creas un nuevo juego lleno de micro-transacciones. Con tu nuevo juego ganas un total de"
  }, 
  {
  "index": 24,
    "autor": "FG98",
    "fgwork": "Trabajas como actor de voz para Bob Esponja y te las arreglaste para ganar"
  }, 
  {
  "index": 25,
    "autor": "FG98",
    "fgwork": "Estabas cultivando y Ganaste"
  }, 
  {
  "index": 26,
    "autor": "FG98",
    "fgwork": "Trabajas como constructor de castillos de arena y ganas"
  }, 
  {
  "index": 27,
    "autor": "FG98",
    "fgwork": "Trabajas como artista callejera y ganas"
  }, 
  {
  "index": 28, 
    "autor": "FG98",
    "fgwork": "¡Hiciste trabajo social por una buena causa! por tu buena causa Recibiste"
  }, 
  {
  "index": 29, 
    "autor": "FG98",
    "fgwork": "Reparaste un tanque T-60 averiado en Afganistán. La tripulación te pagó"
  }, 
  {
  "index": 30, 
    "autor": "FG98",
    "fgwork": "Trabajas como ecologista de anguilas y ganas"
  }, 
  {
  "index": 31, 
    "autor": "FG98",
    "fgwork": "Trabajas en Disneyland como un panda disfrazado y ganas"
  }, 
  {
  "index": 32, 
    "autor": "FG98",
    "fgwork": "Reparas las máquinas recreativas y recibes"
  }, 
  {
  "index": 33, 
    "autor": "FG98",
    "fgwork": "Hiciste algunos trabajos ocasionales en la ciudad y Ganaste"
  }, 
  {
  "index": 34, 
    "autor": "FG98",
    "fgwork": "Limpias un poco de moho tóxico de la ventilación y ganas"
  }, 
  {
  "index": 35, 
    "autor": "FG98",
    "fgwork": "Resolviste el misterio del brote de cólera y el gobierno te recompensó con una suma de"
  }, 
  {
  "index": 36, 
    "autor": "FG98",
    "fgwork": "Trabajas como zoólogo y ganas"
  }, 
  {
  "index": 37, 
    "autor": "FG98",
    "fgwork": "Trabajaste y Ganaste"
  }, 
  {
  "index": 38, 
    "autor": "FG98",
    "fgwork": "Vendiste sándwiches de pescado y obtuviste"
  }, 
  {
  "index": 39, 
    "autor": "FG98",
    "fgwork": "Reparas las máquinas recreativas y recibes"
  }, 
  {
  "index": 40, 
    "autor": "FG98",
    "fgwork": "Solo por estar en grupo de *DyLux - FG* Ganas!"
  }, 
  {
  "index": 41, 
    "autor": "FG98",
    "fgwork": "Hiciste algo de trabajo social por una buena causa!  ¡Recibiste!"
  }
  
] 
